site,tomst_id,maxdt
PAL001,94214264,2023-08-14T09:45:00Z
PAL002,94214334,2023-08-14T09:45:00Z
PAL003,94214262,2023-08-14T09:30:00Z
PAL004,94214166,2023-08-14T09:30:00Z
PAL005,95223086,2023-08-14T09:00:00Z
PAL006,94214333,2023-08-14T09:00:00Z
PAL007,94214152,2023-08-13T09:15:00Z
PAL008,94214154,2023-08-13T09:45:00Z
PAL009,94214255,2023-08-13T09:45:00Z
PAL010,94214342,2023-08-13T10:15:00Z
PAL011,94214172,2023-08-13T10:15:00Z
PAL012,94214153,2023-08-13T10:15:00Z
PAL013,94214344,2023-08-13T10:15:00Z
PAL014,94214151,2023-08-13T10:45:00Z
PAL015,94214331,2023-08-13T10:45:00Z
PAL016,94214332,2023-08-13T10:00:00Z
PAL017,94214252,2023-08-13T10:00:00Z
PAL018,94214171,2023-08-13T10:30:00Z
PAL019,94214155,2023-08-13T10:45:00Z
PAL020,94214265,2023-08-13T10:30:00Z
PAL021,94214173,2023-08-14T08:30:00Z
PAL022,94214343,2023-08-14T08:30:00Z
PAL023,94214192,2023-08-14T08:30:00Z
PAL024,94214338,2023-08-13T08:45:00Z
PAL025,94214303,2023-08-13T11:15:00Z
PAL026,94214257,2023-08-18T15:15:00Z
PAL027,94214195,2023-08-18T15:15:00Z
PAL028,94214194,2023-08-18T15:30:00Z
PAL029,94214256,2023-08-18T15:45:00Z
PAL030,94214193,2023-08-18T15:00:00Z
PAL031,94214191,2023-08-18T15:00:00Z
PAL032,94214263,2023-08-12T11:30:00Z
PAL033,94214335,2023-08-12T11:45:00Z
PAL034,94214261,2023-08-12T12:00:00Z
PAL035,94214169,2023-08-18T14:45:00Z
PAL036,94214170,2023-08-12T10:45:00Z
PAL037,94214168,2023-05-31T23:45:00Z
PAL038,94214312,2023-08-12T12:00:00Z
PAL039,94214340,2023-08-12T11:45:00Z
PAL040,94214339,2023-08-13T08:30:00Z
PAL041,94214329,2023-08-13T08:45:00Z
PAL042,94214327,2023-08-13T09:15:00Z
PAL043,94214326,2023-08-13T09:15:00Z
PAL044,94214309,2023-08-17T09:15:00Z
PAL045,94234694,2023-08-17T09:30:00Z
PAL046,94214313,2023-08-17T09:30:00Z
PAL047,94214330,2023-08-17T09:45:00Z
PAL048,94214311,2023-08-17T10:15:00Z
PAL049,94214314,2023-08-18T17:45:00Z
PAL050,94214237,2023-08-12T09:45:00Z
PAL051,94214341,2023-08-12T09:30:00Z
PAL052,94214266,2023-08-12T10:00:00Z
PAL053,94214345,2023-08-12T10:15:00Z
PAL054,94214328,2023-08-15T07:30:00Z
PAL055,94214272,2023-08-15T07:45:00Z
PAL056,94214275,2023-08-15T10:15:00Z
PAL057,94214285,2023-08-15T10:00:00Z
PAL058,94214282,2023-08-15T09:45:00Z
PAL059,94214273,2023-08-15T09:15:00Z
PAL060,94214284,2023-08-15T09:00:00Z
PAL061,94214274,2023-08-15T08:45:00Z
PAL062,94214283,2023-08-15T08:45:00Z
PAL063,94214271,2023-08-15T08:15:00Z
PAL064,94214281,2023-08-15T07:45:00Z
PAL065,94214175,2023-08-14T09:00:00Z
PAL066,94214251,2023-08-14T09:00:00Z
PAL067,94214176,2023-08-14T10:15:00Z
PAL068,94214178,2023-08-14T10:30:00Z
PAL069,94214180,2023-08-14T10:45:00Z
PAL070,94214236,2023-08-14T11:15:00Z
PAL071,94214179,2023-08-14T10:45:00Z
PAL072,94214174,2023-08-14T11:00:00Z
PAL073,94214238,2023-08-15T09:30:00Z
PAL074,94214177,2023-08-15T09:30:00Z
PAL075,94214253,2023-08-15T09:45:00Z
PAL076,94214239,2023-08-14T10:15:00Z
PAL077,94214240,2023-08-14T10:00:00Z
PAL078,94214254,2023-08-14T11:15:00Z
PAL079,94214267,2023-08-15T10:45:00Z
PAL080,94214268,2023-08-15T11:00:00Z
PAL081,94214270,2023-08-16T08:00:00Z
PAL082,94214269,2023-08-17T08:45:00Z
PAL083,94214301,2023-08-17T10:45:00Z
PAL084,94214307,2023-08-17T10:45:00Z
PAL085,94214336,2023-08-17T09:00:00Z
PAL086,94214337,2023-08-17T09:45:00Z
PAL087,94214302,2023-08-17T10:15:00Z
PAL088,94214305,2023-08-17T10:45:00Z
PAL089,94214308,2023-08-17T10:30:00Z
PAL090,94214315,2023-08-18T14:15:00Z
PAL091,95253601,2023-08-13T08:30:00Z
PAL092,95253602,2023-08-16T08:45:00Z
PAL093,95253603,2023-08-16T08:45:00Z
PAL094,95253604,2023-08-16T08:30:00Z
PAL095,95253605,2023-08-16T08:30:00Z
PAL096,95253606,2023-08-16T08:15:00Z
PAL097,95253607,2023-08-16T08:15:00Z
PAL098,95253608,2023-08-16T08:00:00Z
PAL099,95253609,2023-08-16T08:00:00Z
PAL100,95253610,2023-08-16T08:00:00Z
PAL101,95253611,2023-08-16T08:00:00Z
PAL102,95253612,2023-08-16T08:15:00Z
PAL103,95253613,2023-08-17T11:15:00Z
PAL104,95253614,2023-08-17T11:00:00Z
PAL105,95253615,2023-08-16T08:30:00Z
PAL106,95253616,2023-08-16T08:30:00Z
PAL107,95253617,2023-08-16T08:30:00Z
PAL108,95253569,2023-08-17T10:30:00Z
PAL109,95253570,2023-08-17T10:15:00Z
PAL110,95253618,2023-08-17T12:00:00Z
PAL111,95253619,2023-08-17T11:45:00Z
PAL112,95253620,2023-08-17T11:30:00Z
PAL113,95253621,2023-08-17T09:45:00Z
PAL114,95253622,2023-08-17T09:45:00Z
PAL115,95253623,2023-08-17T10:00:00Z
PAL116,95253624,2023-08-17T11:00:00Z
PAL117,95253625,2023-08-17T11:15:00Z
PAL118,95253565,2023-08-12T11:45:00Z
PAL119,95253566,2023-08-12T11:45:00Z
PAL120,95253567,2023-08-12T11:30:00Z
PAL121,95253568,2023-08-12T11:30:00Z
PAL122,95253626,2023-08-12T10:45:00Z
PAL123,95253627,2023-08-12T10:45:00Z
PAL124,95253628,2023-08-12T10:45:00Z
PAL125,95253629,2023-08-12T11:00:00Z
PAL126,95253630,2023-08-12T11:00:00Z
PAL127,95253631,2023-08-12T11:00:00Z
PAL128,95253632,2023-08-12T11:00:00Z
PAL129,95253633,2023-08-12T11:00:00Z
PAL130,95253634,2023-08-12T11:15:00Z
PAL131,95253635,2023-08-12T11:15:00Z
PAL132,95253646,2023-08-15T07:30:00Z
PAL133,95253647,2023-08-15T07:30:00Z
PAL134,95253648,2023-08-15T07:45:00Z
PAL135,95253649,2023-08-15T07:45:00Z
PAL136,95253650,2023-08-15T08:15:00Z
PAL137,95253641,2023-08-15T08:15:00Z
PAL138,95253642,2023-08-15T08:30:00Z
PAL139,95253643,2023-08-15T08:30:00Z
PAL140,95253644,2023-08-15T08:45:00Z
PAL141,95253645,2023-08-15T09:00:00Z
PAL142,95253551,2023-08-15T09:00:00Z
PAL143,95253552,2023-08-15T09:00:00Z
PAL144,95253553,2023-08-15T09:15:00Z
PAL145,95253554,2023-08-15T09:15:00Z
PAL146,95253555,2023-08-15T10:00:00Z
PAL147,95253556,2023-08-15T10:00:00Z
PAL148,95253557,2023-08-15T10:15:00Z
PAL149,95253558,2023-08-15T10:15:00Z
PAL150,95253559,2023-08-18T17:45:00Z
PAL151,95253560,2023-08-15T10:30:00Z
PAL152,95253561,2023-08-15T10:45:00Z
PAL153,95253562,2023-08-15T10:45:00Z
PAL154,95253563,2023-08-15T10:45:00Z
PAL155,95253564,2023-08-15T11:15:00Z
PAL156,95253636,2023-08-14T09:15:00Z
PAL157,95253637,2023-08-14T09:00:00Z
PAL158,95253638,2023-08-14T08:45:00Z
PAL159,95253639,2023-08-14T08:45:00Z
PAL160,95253640,2023-08-14T08:30:00Z
PAL161,95253546,2023-08-12T09:30:00Z
PAL162,95253547,2023-08-12T09:30:00Z
PAL163,95253548,2023-08-12T09:45:00Z
PAL164,95253549,2023-08-12T09:45:00Z
PAL165,95253550,2023-08-12T10:00:00Z
PAL166,95253501,2023-08-12T10:00:00Z
PAL167,95253502,2023-08-12T10:15:00Z
PAL168,95253503,2023-08-12T10:30:00Z
PAL169,95253504,2023-08-12T10:30:00Z
PAL170,95253505,2023-08-12T10:30:00Z
PAL171,95253506,2023-08-12T10:45:00Z
PAL172,95253507,2023-08-12T11:00:00Z
PAL173,95253508,2023-08-12T11:00:00Z
PAL174,95253509,2023-08-12T11:00:00Z
PAL175,95253510,2023-08-12T11:15:00Z
PAL176,95253511,2023-08-12T11:00:00Z
PAL177,95253512,2023-08-12T10:45:00Z
PAL178,95253513,2023-08-12T10:45:00Z
PAL179,95253514,2023-08-12T10:30:00Z
PAL180,95253515,2023-08-12T10:30:00Z
PAL181,95253516,2023-08-12T10:15:00Z
PAL182,95253517,2023-08-12T10:15:00Z
PAL183,95253518,2023-08-12T10:00:00Z
PAL184,95253519,2023-08-12T09:45:00Z
PAL185,95253520,2023-08-12T09:30:00Z
PAL186,95253521,2023-08-17T08:30:00Z
PAL187,95253522,2023-08-17T08:45:00Z
PAL188,95253523,2023-08-17T08:45:00Z
PAL189,95253524,2023-08-17T08:45:00Z
PAL190,95253525,2023-08-17T09:00:00Z
PAL191,95253651,2023-08-17T09:00:00Z
PAL192,95253652,2023-08-17T09:15:00Z
PAL193,95253653,2023-08-17T09:30:00Z
