tomst_id,T1,T2,T3
94213511,0,0.1689,-0.0843
94213522,0.0957,0,-0.177
94213515,0.0077,0,-0.1764
94213514,0.0162,-0.0588,0
94213523,0.0824,0,-0.066
94213513,0.0169,0,-0.1264
94217048,-0.2407,0,0.3313
94217047,-0.0042,0,0.3173
94217049,-0.0874,0,0.3758
94213524,-0.0656,0,0.0658
94213521,-0.0223,0.0451,0
94217046,-0.1498,0,0.6289
94213549,-0.1261,0.03,0
94217050,-0.2934,0,0.3106
94213512,0.2284,0,-0.0087
94213546,0.0131,0,-0.0367
94213550,0.0712,0,-0.1419
94213547,-0.0107,0.4025,0
94213548,-0.0986,0.0718,0
94213525,-0.0703,0.0221,0
94217057,0,0.1455,-0.3937
94217056,-0.3238,0,0.2912
94217060,0.2631,0,-0.3934
94217058,8e-04,-0.0086,0
94217059,0.1182,0,-0.0416
94217027,0.1093,-0.1941,0
94217073,0,0.0799,-0.1504
94217074,0.0283,0,-0.0027
94217028,0.0629,0,-0.0391
94217031,0,0.0397,-0.0496
94217035,-0.3768,0,0.1376
94217071,0,-0.0446,0.0404
94217069,0.214,0,-0.3618
94217067,-0.102,0,0.1922
94217026,-0.0261,0,0.5536
94217038,-0.1837,0,0.1606
94217066,0.2862,0,-0.1175
94217068,0.1213,0,-0.0327
94217072,0.0812,0,-0.1041
94217032,0.0772,0,-0.1433
94217033,0.0241,-0.0079,0
94217029,0,0.1165,-0.1353
94217070,0,0.0977,-0.1892
94217075,0.0063,0,-0.1467
94217030,0,0.0173,-0.2209
94217036,-0.2745,0,0.2521
94217039,-0.2763,0,0.1427
94217040,-0.2524,0.0945,0
94217037,0.2805,0,-0.1259
94217034,-0.1136,0,0.3999
94212887,0,0.0608,-0.1773
94217006,0,0.0477,-0.1907
94217002,0.0321,0,-0.1439
94217004,0.0234,0,-0.0083
94217012,0,0.0546,-0.0843
94217003,0.1724,0,-0.2443
94217015,0,0.1486,-0.1136
94217013,0.132,0,-0.0875
94217014,0.1186,0,-0.3273
94212886,0.2066,-0.0329,0
94212889,0.0702,0,-0.046
94217009,0.0763,0,-0.2285
94217010,-0.0247,0.0824,0
94217007,0,0.13,-0.1175
94212890,0.091,-0.0415,0
94217001,0,0.0433,-0.2431
94217011,0,0.2033,-0.0289
94217008,0.1786,0,-0.0501
94217005,0,0.0225,-0.1683
94212888,0,-0.0609,0.1271
94212894,0.0454,0,-0.1791
94212895,0,0.1795,-0.1554
94212892,0,0.0084,-0.0347
94212893,-0.0824,0.0599,0
94212891,-0.0343,0.2822,0
94217062,0,0.0652,-0.1153
94212853,-0.1501,0.0337,0
94212855,-0.1341,0.181,0
94213539,0.0192,0,-0.1159
94217080,0,0.0213,-0.0867
94212860,0,0.327,-0.0135
94217077,0.1226,0,-0.1769
94212859,0,0.1407,-0.0119
94213540,0.0908,0,-0.1083
94217064,0.0449,0,-0.0257
94217065,0,0.065,-9e-04
94213537,0,0.0545,-0.1419
94212858,0.0525,-0.0893,0
94217079,0.1706,0,-0.0951
94212856,0.0643,-0.0733,0
94213538,0,0.0842,-0.1271
94217078,0.0354,0,-0.2368
94212857,0.1585,0,-0.2862
94213536,0.0289,-0.0328,0
94217061,0,0.0344,-0.1398
94217063,0,0.1436,-0.0613
94212854,0.0756,0,-0.0948
94212851,0,0.1905,-7e-04
94212852,0.1498,-0.0308,0
94217076,0,0.0022,-0.1108
94213545,0.033,0,-0.1756
94212882,-0.0168,0.0279,0
94217045,-0.0214,0.1708,0
94217041,0.0913,0,-0.2367
94217044,0,0.1522,-0.1756
94217024,0.0019,0,-0.0731
94212868,0.0451,-0.0487,0
94212869,0,-0.0717,0.0372
94212866,0.1518,0,-0.0155
94213544,0.0954,0,-0.0279
94213541,-0.0806,0.0756,0
94212867,0.2508,0,-0.0476
94217022,0,0.0104,-0.2664
94212870,-0.0031,0.1696,0
94217021,0.0599,0,-0.1893
94217023,0.0177,0,-0.0392
94217043,0.0866,0,-0.1377
94217042,0,0.071,-0.1025
94217025,0.2219,0,-0.1425
94213543,-0.098,0.1627,0
94213542,-0.0077,7e-04,0
94212884,0.0221,0,-0.1144
94212881,0,0.0944,-0.2392
94212883,0.1915,0,-0.0974
94212885,0.1027,0,-0.1635
94212875,-0.0387,0.0755,0
94217017,0,0.0642,-0.0061
94217052,0,0.0603,-0.1322
94217055,0.0371,0,-0.1191
94212872,-0.0356,0.0403,0
94213501,0.0165,0,-0.1945
94217020,0.0333,0,-0.0571
94213503,0,0.1159,-0.0405
94213504,-0.0136,0.2338,0
94212871,0,0.1461,-0.1312
94212874,0,-2e-04,0.1139
94217054,0,0.0626,-0.1066
94217051,0.0437,0,-0.0503
94217018,0.074,0,-0.1952
94213505,-0.0327,0.1151,0
94213502,0.0184,0,-0.0709
94217016,0.1178,0,-0.2098
94217019,0.0028,0,-0.0876
94217053,0,0.0188,-0.0488
94212873,0.1005,-0.0061,0
94213526,0,0.1216,-0.0762
94213527,-0.0538,0,0.1139
94213528,0,0.0966,-0.0809
94213530,0,0.0897,-0.0381
94213529,0,0.1169,-0.0541
94194348,0.1125,-0.0103,0
94194216,0.0124,-0.129,0
94194227,0.1397,0,-0.0201
94194235,0.024,-0.1617,0
94194344,0,0.0108,-0.0249
94194343,0.0291,-0.0908,0
94194240,0.0312,-0.0495,0
94194220,0.0175,0,-0.0187
94194218,0.2988,0,-0.0123
94194423,0,0.0158,-0.0175
94194222,0.0171,0,-0.0173
94194212,0.0879,-0.0317,0
94194225,0.0589,0,-0.0501
94194345,-0.0313,0.057,0
94194358,0.0868,-0.0412,0
94194219,0.0979,0,-0.0817
94194229,0.1267,0,-0.0241
94194221,0.0544,-0.0918,0
94194357,0.1939,-0.0247,0
94194215,0.205,0,-0.082
94194234,0.1438,-0.0141,0
94194360,0.0159,-0.0713,0
94194232,0.0289,0,-0.046
94194233,0.0722,-0.0055,0
94194228,0.1213,-0.1629,0
94194350,-0.0037,0.0486,0
94194211,0.2658,0,-0.0688
94194356,0.1065,-0.048,0
94194351,0.1035,-0.0872,0
94194217,0.0236,-0.004,0
94194238,0.0994,0,-0.1374
94194239,0,0.1122,-0.1354
94194230,0,-0.0525,0.0555
94194231,0,-0.0798,0.0224
94194353,0.1165,0,-0.0573
94194354,0.1334,0,-0.2044
94194349,0,-0.0429,0.0502
94194226,0,-0.0231,0.0556
94194213,0,0.0077,-0.1111
94194224,0.0293,-0.1784,0
94194342,0,-0.0744,0.0353
94194355,0.0949,0,-0.0816
94194214,0.1591,-0.0031,0
94194352,0.0488,-0.1328,0
94194341,0.1834,-0.0265,0
94194347,0.013,0,-0.0283
94194236,0.1051,0,-0.0548
94194346,0.0507,0,-0.0661
94194223,0.0862,-0.1102,0
94194237,0.027,-0.0049,0
94184880,0.0651,-1e-04,0
94184818,0.1982,0,-0.0803
94184867,0,-0.0607,0.0102
94184836,0.0641,0,-0.0483
94184819,0.0099,-0.1304,0
94184813,0.0824,0,-0.0138
94184828,0.1132,0,-0.0584
94184872,0,-0.0834,0.0124
94184816,0.0349,-0.0077,0
94184839,0.1458,-0.074,0
94184827,0,0.0297,-0.0201
94184838,0.0578,-0.0257,0
94184840,0.0038,-0.0082,0
94184863,0.0452,-0.0808,0
94184869,0.0127,0,-0.0945
94184866,0,-0.0751,0.1902
94184865,0.1503,0,-0.001
94184824,0.0231,-0.0409,0
94184817,0.0773,0,-0.0172
94184878,0.2195,-0.0127,0
94184837,0.0462,0,-0.0867
94184815,0,0.0348,-0.0707
94184875,-0.0308,0.0097,0
94184830,0,-0.0154,0.136
94184874,0.0783,-0.0241,0
94194422,0,0.0142,-0.0526
94184832,0,0.0463,-0.0328
94184834,0.108,-0.0834,0
94184825,-0.0189,0,0.0723
94184812,0.0741,-0.0356,0
94184823,0,0.0154,-0.0911
94184879,0.045,0,-0.0516
94184864,0.2156,-0.0169,0
94184833,-0.0409,0,0.1329
94184831,-0.0063,0,0.0038
94184835,0,-0.1101,0.0195
94184876,0,-0.0396,0.1292
94184821,0.0308,0,-0.203
94184814,0.0412,0,-0.0322
94184820,0.0781,-0.0908,0
94184829,0.0411,0,-0.1387
94184811,-0.0404,0.128,0
94184822,0.1572,0,-0.1043
94184826,0.2185,-0.031,0
94184870,0.1738,0,-0.0319
94184868,0,-0.0274,0.0289
94184861,0.0107,-0.0353,0
94184862,0,0.0038,-0.0462
94194171,0.1201,0,-0.0165
94194173,0.0794,-0.1195,0
94194172,0.074,0,-0.0654
94194174,0,-0.1056,0.0219
94194176,0.1558,-0.0513,0
94194049,0.0086,-0.0445,0
94194047,0.2618,0,-0.0114
94194028,0.295,-0.0763,0
94194029,0.2448,-0.0238,0
94194041,0,0.0139,-0.0211
94194184,0.0455,-0.0223,0
94194189,-0.0929,0,0.0299
94194187,0.1368,0,-0.1071
94194179,0.0925,-0.0352,0
94194175,0.1718,-0.1562,0
94194043,0,0.0502,-0.127
94194045,0.033,-0.0349,0
94194044,-0.0671,0,0.0311
94194026,-0.0016,0.1403,0
94194024,0.0848,-0.0424,0
94194182,0.0046,-0.0461,0
94194185,0,8e-04,-0.1664
94194180,0.245,0,-0.0131
94194177,0.199,-0.0804,0
94194178,0,-0.031,0.0653
94194048,0,-0.1909,0.0179
94194022,0,0.0318,-0.0173
94194021,0.1117,-0.0918,0
94194023,0.2583,0,-0.039
94194025,0.2279,0,-0.0687
94194183,0.1652,0,-0.0608
94194190,0.148,-0.0374,0
94194010,0.2341,0,-0.01
94194002,0.0675,0,-0.0148
94194092,0.1446,-0.066,0
94194099,0.2451,0,-0.0795
94194100,-0.0412,0,0.0099
94194027,0.08,0,-0.1348
94194030,0.1126,0,-0.0879
94194097,0,0.0254,0
94194181,0.0263,-0.0413,0
94194188,0.1506,-0.0393,0
94194009,0,-0.0809,0.1009
94194007,0.1928,-0.0088,0
94194098,0.1104,-0.04,0
94194096,0,0.0038,-0.082
94194094,0.2452,-0.0036,0
94194095,0.0659,-0.032,0
94194093,0.1115,-0.1138,0
94194091,0,-0.0572,0.0036
94194186,0.2535,0,-0.0964
94194008,0,-0.0414,0.0382
94194006,0.1664,-0.0501,0
94194003,0.1812,-0.0058,0
94194054,0.2398,-0.1814,0
94194071,0.006,0,-0.0879
94194074,0,-0.0214,0.0709
94194075,0.0602,-0.0686,0
94194077,0.2176,-0.1612,0
94194073,0.1338,-0.1327,0
94194198,0.0639,0,-0.2496
94194195,0.258,0,-0.0147
94194004,-0.0368,0,0.0218
94194055,0,0.0013,-0.1136
94194060,-0.0305,0.011,0
94194058,0.0782,-0.0447,0
94194076,0.1069,-0.1526,0
94194052,0,-0.1791,0.0943
94194053,0,0.1032,-0.0819
94194072,0.0153,-0.0431,0
94194005,0,-0.044,0.1169
94194001,0.0201,-0.158,0
94194051,0.0584,0,-0.0829
94194059,0.1497,0,-0.0279
94194050,0.2347,0,-0.0299
94194046,-0.0253,0.0252,0
94194080,0.0625,-0.0617,0
94194057,0.1029,0,-0.0082
94194020,0.223,-0.0118,0
94194056,0,-0.0898,0.0577
94194040,0,0.0135,-0.0248
94194035,0,0.0288,-0.0896
94194034,0,0.0299,-0.0929
94194036,0.0975,0,-0.0061
94194033,0.2444,0,-0.0288
94194011,0.0209,-0.144,0
94194078,0.2955,0,-0.0547
94194016,0.0951,-0.0855,0
94194018,0.0922,0,-0.0028
94194019,0.1516,-0.0908,0
94194039,0.0703,0,-0.1228
94194038,0.153,-0.1146,0
94194037,0.1264,-4e-04,0
94194032,0,-0.0148,0.0619
94194012,0.1266,0,-0.0403
94194031,0.2086,0,-0.0716
94194015,0,-0.0489,0.0813
94194013,0.3544,0,-0.0223
94194014,0.1358,-0.0789,0
94194017,0,-0.0671,0.0079
94213535,0.0857,0,-0.0765
94213531,0.204,0,-0.0508
94212880,0,0.0175,-0.0423
94212879,0,3e-04,-0.0046
94213520,0.188,0,-0.1424
94212878,-0.0282,0.1604,0
94213516,0.2189,-0.0282,0
94213518,0.0258,0,-0.0711
94213517,0.2118,0,-0.043
94212865,0,0.0984,-0.0121
94213534,0.038,0,-0.1377
94212862,0.0325,0,-0.0966
94212863,0,0.0935,0
94212861,0.1415,-0.117,0
94212864,0.0529,0,-0.1878
94200022,0.06,-0.1309,0
94200023,0,-0.0867,0.0344
94213533,0.0525,-0.0946,0
94213510,0.05,0,-0.3759
94213506,-0.0572,0.085,0
94213508,0,0.0573,-0.1929
94213509,0,0.1192,-0.1579
94213532,0.0061,0,-0.0455
94194081,0.2249,-0.0292,0
94194083,0.0934,-0.1229,0
94194042,0.1368,0,-0.0368
94194117,0.0318,-0.0789,0
94194119,0.1421,0,-0.0767
94194120,0.1438,-0.09,0
94194118,0.1547,-0.056,0
94194108,0.1285,-0.0549,0
94194106,0.1678,-0.1306,0
94194105,0.0693,0,-0.1338
94194085,0.234,-0.0538,0
94194082,0.1618,-0.0876,0
94194088,0,0.0129,-0.0642
94194090,0.0938,0,-0.0435
94194061,0.2446,-0.0558,0
94194067,0.1106,-0.0812,0
94194063,0.1452,-0.0974,0
94194107,0.2025,-0.0169,0
94194104,0.149,-0.0971,0
94194103,0.206,0,-0.0643
94194084,0,0.0254,-0.1194
94194089,0.022,-0.0758,0
94194068,0.1142,0,-0.0625
94194069,0.0015,-0.0757,0
94194070,0.2188,-0.0238,0
94194066,0.1034,0,-0.0199
94194147,0.2063,-0.1299,0
94194110,0.1244,0,-0.2261
94194102,0.2542,-0.0171,0
94194101,0.178,0,-0.1343
94194086,0.0406,0,-0.0286
94194079,0.1381,0,-0.0915
94194065,-0.0524,0.1224,0
94194064,0.1076,0,-0.0964
94194062,0,-0.0094,0.0599
94194150,0.0917,0,-0.1381
94194151,0.1706,-0.0099,0
94194155,0.08,0,-0.0535
94194121,0.0139,0,-0.1361
94194134,0.1375,-0.1244,0
94194144,0.292,-0.0628,0
94194142,0.1428,0,-0.0503
94194145,0,0.0571,-0.005
94194138,0.2679,-0.0389,0
94194149,0.1345,0,-0.0306
94194132,0.219,-0.0346,0
94194136,0.2658,0,-0.1478
94194122,0.1863,-0.04,0
94194123,0.0953,-0.0706,0
94194146,0.0361,0,-0.04
94194143,0.1169,0,-0.1157
94194199,0.0738,-0.0716,0
94194194,0.2498,0,-0.0557
94194139,0.0837,0,-0.0257
94194137,0.1734,0,-0.0706
94194140,0.0856,-0.0928,0
94194126,0.1252,0,-0.0495
94194127,0,0.0172,-0.0841
94194124,0.1858,-0.0429,0
94194141,0,-0.0394,0.0432
94194191,0,-0.0482,0.0713
94194200,0.1396,-0.1008,0
94194131,-0.0041,0.1719,0
94194133,0.0284,0,-0.0693
94194158,0.0984,0,-0.0958
94194159,0,-0.1015,0.0375
94194128,0.1029,0,-0.1701
94194125,0.1689,-0.1541,0
94194109,0.0179,-0.0194,0
94194196,0.2411,0,-0.0765
94194197,0.1725,0,-0.0308
94194135,0.1648,-0.05,0
94194152,0.1502,0,-0.0903
94194154,0.105,0,-0.0583
94194114,0.2115,-0.1515,0
94194112,0,0.0894,-0.0142
94194129,0.1904,0,-0.0365
94194130,0.1325,0,-0.1149
94194148,0.0935,0,-0.1246
94194192,0.1379,0,-0.0388
94194193,0,0.0088,-0.0416
94194160,0.2532,-0.1368,0
94194113,0.0838,-0.0772,0
94194168,0.1401,0,-0.0302
94194167,0.1753,0,-1e-04
94194115,0.2663,-0.0984,0
94194116,0.0488,0,-0.177
94194165,0.2198,0,-0.0639
94194161,0.1802,-0.0625,0
94194153,0.2186,0,-0.033
94194157,0.2326,-0.0419,0
94194111,0.2196,0,-0.0553
94194166,0.0512,-0.1087,0
94194162,0.2579,0,-0.028
94194163,0.0016,-0.1403,0
94194169,0.2167,-0.1652,0
94194164,0.3131,0,-0.055
94204720,-0.0489,0,0.0357
94204715,0.1655,0,-0.1098
94204717,0,-0.0294,0.0195
94204716,0,-2e-04,0.0259
94204719,-0.0088,0.1485,0
94204785,-0.0471,0.0477,0
94204779,0.1439,0,-0.1833
94204805,0,0.0816,-0.0265
94204786,0.0472,-0.0612,0
94204735,0.0835,0,-0.0906
94204731,-0.0407,0.065,0
94204734,-3e-04,0.1247,0
94204732,-0.0055,0.0131,0
94204748,-0.0232,0,0.0025
94204740,-0.1037,0.0606,0
94204739,0,0.0356,-0.0404
94204736,-0.0458,0,0.0373
94204763,0,0.0441,-0.0551
94204765,0.0851,-0.0521,0
94204718,-0.0295,0.0087,0
94204711,0,0.0183,-0.076
94204713,0,0.096,-0.0349
94204712,0,0.0119,-0.1332
94204714,0.0553,0,-0.1769
94204764,0.2081,0,-0.0111
94204761,-0.011,0,0.0761
94204762,0,-0.0162,0.0542
94204723,-0.0086,0,0.0245
94204721,-0.1257,0.0285,0
94204724,0.0231,0,-0.081
94204725,0,0.0166,-0.0284
94204701,0.0299,-0.0046,0
94204704,0.0707,-0.0098,0
94204705,0.0472,0,-0.0755
94204707,0.0028,0,-0.0169
94204706,0.052,0,-0.0435
94204710,0.0033,-0.0179,0
94204709,0.0632,0,-0.0134
94204703,-0.2057,0.0591,0
94204708,-0.039,0,0.0034
94204702,-0.0188,0.0161,0
94204784,0.1382,0,-0.2416
94204780,0,0.0268,-0.0498
94204776,0,-0.0359,0.0384
94204783,0.0442,0,-0.0202
94204781,-0.0904,0,0.0138
94204782,0,0.3168,-0.0216
94204778,-0.0699,0.0908,0
94204804,0.2104,0,-0.1193
94204803,0.1266,0,-0.1008
94204789,-0.0067,0,0.0698
94204788,0.0147,-0.011,0
94204801,-0.0208,0.0851,0
94204802,0.0332,-0.0847,0
94204791,-0.1171,0.0354,0
94204795,0,0.0985,-0.0292
94204792,0,0.0312,-0.0248
94204793,0.0136,0,-0.0835
94204790,0,0.1128,-0.02
94204787,0,0.0387,-0.2618
94204794,0.0057,0,-0.2759
94204798,0.1377,0,-0.0382
94204799,0,0.0139,-0.2248
94204797,0.0195,-0.0098,0
94204800,-0.0435,0,0.0087
94204796,-0.0498,0,0.0381
94204750,-0.0993,0.0075,0
94204747,0.226,0,-0.1194
94204746,-0.1454,0.0119,0
94204749,0.1124,0,-0.1836
94204727,0.1081,0,-0.1011
94204728,-0.0081,0.1618,0
94204730,0,0.0024,-0.0341
94204729,0,0.0348,-0.122
94204726,-0.0312,0.0851,0
94204744,0,0.1124,-0.0803
94204743,0.0218,-0.0864,0
94204741,0,-4e-04,0.0311
94204742,0,0.0016,-0.1712
94204745,0.162,-0.019,0
94204737,0,0.2196,-0.0374
94204738,0,0.0455,-0.0736
94204733,0,-0.0291,0.0205
94181317,-0.0546,0,0.3526
94181311,1.3861,0,-0.1571
94181625,0,0.0175,-0.0958
94181319,0.9382,0,-0.1698
94181610,-0.1513,0.3745,0
94181620,0,-0.1634,0.1211
94181619,-0.0398,0.0111,0
94181301,0,0.1196,-0.0376
94181621,-0.0046,0.1762,0
94181617,0.0722,-0.0201,0
94181616,-0.0212,0.0375,0
94181626,0.2942,0,-0.0463
94181615,0,-0.1014,0.3406
94181305,0.0648,0,-0.0089
94181307,0.4088,0,-0.0904
94181306,-0.2882,0,0.0448
94181304,0,-0.1479,0.0332
94181623,-0.0424,0,0.1575
94181309,-0.1904,0,0.1256
94181611,0.1998,0,-0.0589
94181614,0.417,0,-0.1411
94181618,0.3971,-0.1073,0
94181612,0.0326,-0.0422,0
94214996,0,0.2356,-0.0865
94181318,-0.178,0.0423,0
94181310,-0.0327,0.0425,0
94181629,-0.1158,0,0.1557
94181316,0,0.0407,-0.1005
94181308,0,0.0528,-0.1298
94181630,0.0177,0,-0.1683
94181315,0,-0.0752,0.04
94181320,0.6702,-0.0435,0
94181312,-0.2174,0.0331,0
94181609,0,-0.0116,0.0025
94181314,-0.463,0,0.0023
94181313,0.1906,0,-0.0841
94181605,-0.0019,0,0.2404
94181627,0,0.0454,-0.1514
94181303,0.6377,0,-0.0344
94181603,-0.1255,0.1821,0
94181628,0,-0.0528,0.0884
94204722,-0.2959,0.0172,0
94181302,1.1774,-0.0789,0
94181607,-0.7167,0,0.046
94181604,0,0.0097,-0.1372
94181606,0.0974,-0.0486,0
94181622,-0.0729,0.2116,0
94181602,-0.1811,0,0.0097
94214997,0.0514,0,-0.2686
94181601,-0.4007,0.1061,0
94181608,0.155,0,-0.175
94181624,0.0473,-0.0307,0
94194387,0.1096,-0.0241,0
94194265,-0.0322,0,0.0305
94194242,0.1357,-0.0576,0
94194245,0.2269,0,-0.0738
94194246,0.072,0,-0.0173
94194250,0.0575,-0.1703,0
94194276,0,-0.0239,0.01
94194277,0.1244,0,-0.0378
94194412,0.0639,-0.0772,0
94194271,0.3073,0,-0.0237
94194275,0.0803,0,-0.0328
94194272,0.2118,0,-0.0144
94194259,0.1635,0,-0.0333
94194249,0,-0.0845,0.0057
94194266,0.1864,0,-0.0357
94194269,0.0538,0,-0.0513
94194241,0,-0.0622,0.0176
94194381,0,-0.0822,0.0281
94194263,0.1446,0,-0.1045
94194416,0.0869,0,-0.034
94194386,0.237,-0.0169,0
94194414,0,0.0433,-0.0619
94194268,0.1386,-0.1208,0
94194280,0.0276,-0.0031,0
94194417,0,-0.0801,0.0161
94194270,0.1306,-0.0018,0
94194388,0.2512,0,-0.013
94194420,0.1066,0,-0.089
94194274,0.0577,-0.0686,0
94194415,0.3203,-0.0315,0
94194390,0.1495,0,-0.033
94194382,0.0758,0,-0.0372
94194383,0,0.0269,-0.1087
94194244,0.2375,-0.0127,0
94194393,1e-04,0,-0.1492
94194264,0.1287,-0.0779,0
94194247,0.1559,0,-0.017
94194257,0.1446,-0.0906,0
94194278,0.1234,0,-0.0208
94194418,0.1432,-0.033,0
94194248,0.0289,0,-0.0807
94194389,0.0742,0,-0.0466
94194279,0.0084,0,-0.0213
94194419,0,0.0191,-0.0998
94194273,0.1945,0,-0.0526
94194411,0.2292,-0.0399,0
94194385,0.1465,-0.1111,0
94194413,0.2133,0,-0.0336
94194384,0,0.0064,-0.1073
94204756,-0.0743,0,0.0986
94204759,0,0.1126,-0.0793
94204758,0,-5e-04,0.1557
94204757,0.0199,-0.0287,0
94204760,-0.0025,0.049,0
94204772,0,-0.005,0.0264
94204774,0.1099,-0.0135,0
94204773,-0.0879,0.0681,0
94204771,0,-0.0358,0.0421
94204775,-0.0118,0,0.0875
94204770,0.0722,0,-0.1015
94204766,0,0.0853,-0.0209
94204768,0,-0.0239,0.0296
94204769,-0.0873,0.0093,0
94204767,0.005,-0.0031,0
94204755,-0.0196,0.0397,0
94204754,0,0.051,-0.1431
94204753,-0.1274,0.0206,0
94204752,-0.0426,0.0228,0
94204751,0,0.0357,-0.0699
94184805,-0.0946,0.201,0
94184803,0,0.0911,-0.0134
94184801,0,0.0425,-0.0937
94184855,0,-0.2075,0.0307
94184856,0,-0.0293,0.052
94194307,0.139,-0.0236,0
94194303,0.0771,0,-0.1284
94194310,0.1273,0,-0.0273
94184809,0.1219,-0.048,0
94194305,0.1379,-0.1113,0
94184842,0.1948,0,-0.0445
94184841,0,0.1063,-0.0612
94194308,0,-0.0933,0.0248
94184854,0.0435,-0.0872,0
94184860,0.1262,-0.0053,0
94184853,0.0051,-0.1236,0
94184857,-0.0398,0,0.0039
94184806,-0.0186,0,0.0038
94184802,0,0.0494,-0.0512
94184804,-0.0254,0.0379,0
94184807,0.0756,0,-0.0053
94184858,0,0.0736,-0.0678
94184851,0.1707,0,-0.0909
94184859,-0.0356,0.168,0
94194301,0.0431,-0.1127,0
94194306,0.0769,-0.0298,0
94194302,0.0721,0,-0.0264
94184843,-0.0162,0.0379,0
94184844,-0.0825,0.0227,0
94184846,0.0763,-0.1271,0
94194309,0.1363,0,-0.0354
94194289,0,-0.0259,0.1616
94184808,0,0.0653,-0.0253
94184810,-0.0497,0,0.0328
94194281,0,-0.0164,0.0123
94194284,-0.0674,0,0.0696
94194283,0,-0.0335,0.009
94194282,0.1556,-0.0076,0
94194285,-0.1032,0,0.1584
94194288,-0.031,0,0.0078
94184847,0.0845,0,-0.0127
94184845,0.1052,0,-0.0563
94184848,0,0.037,-0.0703
94184850,0,0.0913,-0.0122
94184849,-0.0945,0,0.0376
94194304,-0.099,0,0.099
94194290,0.1211,-0.117,0
94194286,0.0041,0,-0.0373
94194287,0.265,-0.0013,0
94194379,0.0688,0,-0.19
94194398,0.0682,0,-0.0794
94194373,-0.0405,0,0.1074
94194253,0.0723,-0.1381,0
94194368,0.0331,0,-0.0594
94190042,0.0252,-0.0516,0
94194401,0.0922,0,-0.0764
94194396,0.1409,0,-0.045
94194260,0.1446,-0.0387,0
94194371,0.2866,0,-0.2796
94194367,0,0.024,-0.0246
94194364,0,0.0454,-0.0773
94190041,0,-0.0489,0.1354
94194394,0.0691,-0.0297,0
94194374,0,0.1937,-0.0477
94194376,0.1275,0,-0.1064
94194267,0.1458,-0.0505,0
94194397,0.1441,0,-0.1059
94194402,0.1888,-0.0204,0
94194369,0,0.0516,-0.042
94194404,0.1478,0,-0.0563
94194405,0.0847,0,-0.1009
94194255,0.0998,0,-0.0333
94194391,0,0.0107,-0.144
94194361,0.0552,0,-0.157
94194408,0.018,-0.0629,0
94194375,0.1759,-0.0037,0
94194410,-0.0064,0.0438,0
94194399,-0.0172,0,0.0144
94194262,0.1717,-0.0156,0
94194400,0,0.0531,-0.032
94194395,0.0704,-0.0294,0
94194377,0,0.0377,-0.0606
94194254,0.0226,0,-0.0719
94194256,0,-0.21,0.0544
94194252,0.2556,0,-0.0249
94194365,0.0059,-0.0108,0
94194261,0.0899,0,-0.0732
94194258,0.0193,0,-0.0746
94194409,0.0371,0,-0.0798
94194362,0.1973,0,-0.0095
94194403,0.083,0,-0.0622
94194378,0.1668,-0.0647,0
94194380,0.0043,-0.1895,0
94194372,0.0099,0,-0.1369
94194363,0.0863,-0.0791,0
94194392,0.13,0,-0.0729
94194370,0.0465,-0.0581,0
94194251,0.1239,0,-0.0132
94194407,0.0872,0,-0.0498
94194324,-0.057,0,0.0016
94194338,0,-0.1413,0.0113
94194207,0.0206,-0.0926,0
94194319,0,-0.1246,0.0469
94194296,0.1214,-0.0603,0
94194322,0.4363,-0.0576,0
94194336,0.0068,0,-0.1456
94194298,0.1446,-0.0778,0
94194316,-0.0625,0,0.002
94194294,0.2941,-0.0758,0
94194318,0.2028,-0.0121,0
94194329,0.1491,-0.2442,0
94194201,0,-0.1194,0.0099
94194315,0,-0.0364,0.073
94194335,0.1912,-0.027,0
94194295,0.0633,0,-0.1517
94194300,0,0.0165,-0.0929
94194328,0,0.0435,-0.0981
94194312,0.0971,-0.0497,0
94194321,0.2129,-0.0497,0
94194327,0.1056,0,-0.0371
94194311,0.0251,-0.0599,0
94194210,0.0531,-0.1222,0
94194320,0.1168,0,-0.0744
94194203,0.1578,-0.0694,0
94194206,0,0.1138,-0.0429
94194202,0.1143,0,-0.0045
94194314,0.0178,-0.1314,0
94194333,0.2036,0,-0.0041
94194323,0.2382,0,-0.029
94194313,0.1799,-0.0583,0
94194421,0.09,0,-0.0194
94194331,0.1491,0,-0.0171
94194292,0.103,0,-0.124
94194337,0.0381,0,-0.1856
94194299,0,-0.1395,0.0099
94212876,0.1311,-0.0343,0
94194205,0.1235,-0.1637,0
94190043,0.0645,0,-0.0957
94212877,-0.0315,0.229,0
94194293,0.1817,-0.0064,0
94194297,0.1145,-0.0276,0
94194209,0.2013,-0.0074,0
94194204,0.1871,-0.015,0
94194332,0.0492,0,-0.1599
94194334,0,-0.0046,0.0743
94194208,0,-0.0639,0.0307
94194340,0.1006,-0.0991,0
94194291,0.1062,-0.0253,0
94194339,0.0529,-0.0724,0
94194325,0,-0.0041,0.1709
94212201,-0.0222,0.0033,0
94212202,0,0.1037,-0.066
94212203,0.0061,0,-0.1656
94212204,0.0683,0,-0.0716
94212205,-0.0906,0.1364,0
94212206,0.051,0,-0.1411
94212208,0,0.0531,-0.0136
94212210,-0.1333,0,0.0238
94212211,0,0.0566,-0.0434
94212212,-0.1067,0.0722,0
94212214,-0.0266,0,0.0302
94212215,0.0038,-0.0804,0
94212216,0,-0.0477,0.0322
94212217,0.2241,0,-0.1277
94212218,0.0777,0,-0.0586
94212219,0.0568,0,-0.0098
94212220,0,0.0331,-0.0623
94212221,0.1283,0,-0.0675
94212222,0.0698,-0.0105,0
94212223,0,-0.0233,0.0153
94212224,0.1316,-0.221,0
94212225,0.0565,0,-0.0137
94212226,-0.0131,0.0482,0
94212227,0.0257,0,-0.0672
94212228,-0.1371,0.2535,0
94212229,-0.0774,0.1788,0
94212230,-0.042,0.1431,0
94212231,0.0514,0,-0.0328
94212232,0,0.0116,-0.048
94212233,0,0.0663,-0.1244
94212234,0,0.0917,-0.0271
94212235,0.0245,0,-0.1136
94212236,0.1409,0,-0.009
94212237,-0.1104,0.1601,0
94212238,0,0.0689,-0.0614
94212239,-0.0981,0,0.0027
94212240,0,0.0103,-0.157
94212242,-0.2775,0.109,0
94212243,0.0155,0,-0.0909
94212245,-0.0924,0,0.0014
94212246,0.0719,-0.0432,0
94212247,0,-0.0934,0.053
94212248,0.0357,0,-0.1649
94212249,-0.1085,0,0.0287
94212250,-0.0416,0,0.0335
94212251,-0.1776,0.0668,0
94212252,-0.0051,0.199,0
94212253,0,0.1007,-0.067
94212254,0.3069,0,-0.0106
94212256,-0.0143,0,0.0876
94212257,0,0.063,-0.0117
94212258,0.0513,-0.0441,0
94212259,-0.0155,0.0527,0
94212261,-0.0985,0.0361,0
94212263,0.1108,0,-0.0151
95134862,-0.1649,0.0424,0
95223501,-0.0201,0.1817,0
95223502,-0.1135,0.0719,0
95223503,-0.1477,0,0.0181
95223504,-0.1004,0.0378,0
95223505,-0.2122,0.0295,0
95223506,-0.0785,0.1976,0
95223507,-0.1753,0.0719,0
95223508,-0.2149,0.0053,0
95223509,-0.0712,0,0.003
95223510,-0.2248,0.1613,0
95223511,-0.1031,0.2052,0
95223512,-0.0161,0.083,0
95223513,-0.0302,0.0307,0
95223514,-0.036,0.0591,0
95223515,-0.2584,0.0598,0
95223516,-0.1727,0.0386,0
95223517,-0.2148,0,0.1552
95223518,-0.0717,0.3638,0
95223519,-0.1204,0.1106,0
95223520,-0.083,0,0.0597
95223521,-0.2283,0,0.0676
95223522,-0.2232,0,0.0703
95223523,-0.2416,0,0.1033
95223524,-0.1658,0.1925,0
95223525,-0.0816,0,0.0857
95223526,-0.0942,0.0259,0
95223527,-0.1349,0.0613,0
95223528,-0.2494,0,0.1455
95223529,-0.0978,0.0478,0
95223530,-0.2397,0,0.1186
95223531,-0.0875,0,0.1513
95223532,-0.2262,0,0.0812
95223533,-0.0109,0.1596,0
95223534,-0.0833,0.075,0
95223535,-0.0554,0.0887,0
95223536,-0.2226,0.0265,0
95223537,-0.0852,0.1995,0
95223538,-0.1473,0,0.1054
95223539,-0.1062,0,0.1171
95223540,-0.0301,0,0.0491
95223541,-0.1285,0,0.1268
95223542,-0.1084,0,0.0143
95223543,-0.0443,0,0.0212
95223544,-0.1185,0,0.0275
95223545,-0.0641,0.1162,0
95223546,-0.2041,0.1254,0
95223547,0,0.1286,-6e-04
95223548,-0.1843,0,0.0608
95223550,-0.0039,0,0.2827
95223551,-0.1839,0.0023,0
95223552,-0.1577,0.2006,0
95223553,-0.0093,0.0581,0
95223554,-0.2853,0,0.1985
95223555,-0.0161,0.0599,0
94213507,-0.5031,0,0.0327
94213519,-0.274,0,0.0712
95256151,-0.0848,0.0308,0
95256156,-0.0563,0,0.0865
95256157,-0.2926,0.0199,0
95256158,0,0.1835,-0.0212
95256159,-0.2325,0.0515,0
95256160,-0.1273,0.1041,0
95256165,-0.1774,0,0.0101
95256171,-0.1388,0,0.088
95256172,-0.1109,0,0.0392
95256173,-0.1815,0.0312,0
95256174,-0.0602,0.0327,0
95256175,-0.1284,0,0.0677
95256176,-0.2622,0.1117,0
95256177,-0.1876,0,0.1165
95256178,-0.1211,0.2387,0
95256179,-0.1602,0,0.123
95256180,0.0317,-0.0708,0
95256181,-0.0141,0.0264,0
95256182,-0.0801,0,0.4066
95256183,-0.3332,0.155,0
95256184,-0.1593,0.0806,0
95256185,-0.1908,0.0213,0
95256186,-0.1844,0.0776,0
95256189,-0.0987,0.1522,0
95256190,-0.2029,0.0191,0
95256191,-0.363,0.1432,0
95256192,-0.2992,0.1978,0
95256193,-0.1347,0.0843,0
95256194,-0.1074,0.2091,0
95256195,-0.0747,0.1101,0
95256196,0,0.0916,-0.0368
95256197,-0.1121,0.004,0
95256198,-0.3771,0.1274,0
95256200,-0.247,0.0341,0
94214102,0,0.0369,-0.016
94214103,0,0.1714,-0.0133
94214104,0,0.1101,-0.0521
94214105,-0.2242,0.1224,0
94214106,-0.0287,0.0267,0
94214107,-0.2368,0.0773,0
94214108,-0.1411,0.0218,0
94214109,0.0556,-0.0122,0
94214110,-0.0238,0.1577,0
94214111,0.0096,0,-0.0338
94214112,-0.0597,0.0641,0
94214113,-0.0331,0.1528,0
94214114,-0.0752,0.0983,0
94214115,-0.1794,0,0.0136
94214116,-0.198,0,0.0179
94214117,-0.2522,0.1002,0
94214119,-0.0185,0,0.4252
94214120,-0.0906,0,0.0936
94214121,-0.1479,0,0.0496
94214122,-0.0633,0.1988,0
94214123,-0.0361,0.0987,0
94214124,-0.1753,0,0.1087
94214125,-0.1812,0.0165,0
94214126,0,0.0227,-0.0876
94214127,0,0.0383,-0.0135
94214128,-0.135,0.0138,0
94214129,-0.0798,0.0268,0
94214130,-0.1074,0,0.0321
94214131,0,0.0426,-0.1234
94214132,-0.0535,0.1173,0
94214133,-0.0744,0.0452,0
94214135,-0.0806,0,0.0151
94214136,-0.0286,0,0.0281
94214137,0,-0.0026,0.0347
94214138,0,0.137,-0.054
94214139,0,0.0489,-0.0061
94214140,-0.1468,0,0.0142
94214141,-0.0693,0.0281,0
94214142,0,0.0805,-0.0011
94214143,-0.1126,0.0023,0
94214144,-0.2697,0.129,0
94214145,0.0234,0,-0.0887
94214146,0,0.0023,-0.066
94214147,-0.0481,0.1452,0
94214148,-0.0703,0,0.0513
94214149,-0.1934,0,0.0237
94214150,-0.0154,0.059,0
94214306,0,-0.0775,0.1656
94214310,0.0462,0,-0.0389
95224051,-0.2519,0,0.2973
95224054,-0.1999,0,0.0091
95224061,-0.2768,0.0463,0
94214156,-0.0596,0.2068,0
94214157,-0.2532,0,6e-04
94214158,-0.084,0.0582,0
94214160,-0.0094,0.0656,0
94214161,-0.0112,0.1138,0
94214162,-0.0208,0,0.0745
94214163,-0.0085,0.0979,0
94214164,-0.0232,0,0.0405
94214165,-0.1765,0.1068,0
94214181,0,0.0555,-0.0418
94214182,0,0.0532,-0.2127
94214183,0,0.0677,-0.0057
94214184,0,0.1197,-0.179
94214185,-0.0172,0.16,0
94214186,-0.0154,0.042,0
94214187,-0.0309,0.016,0
94214188,0.0221,0,-0.07
94214189,0,0.0914,-0.0647
94214190,-0.0369,0,0.0726
94214196,0,0.0519,-0.0728
94214197,0.0045,0,-0.1147
94214198,0.0747,-0.0182,0
94214199,0,0.1778,-0.0089
94214200,0,0.0055,-0.0464
94214201,-0.0098,0,0.0717
94214202,-0.0411,0.0546,0
94214203,0,0.1627,-0.0317
94214204,0.1027,-0.0234,0
94214205,-0.1203,0,0.0496
94214206,-0.0263,0.0638,0
94214207,-0.0779,0.1225,0
94214208,0.0285,-0.0141,0
94214209,0.0201,0,-0.0348
94214210,-0.083,0.2085,0
94214211,0.0066,-0.0027,0
94214212,-0.0908,0.0193,0
94214213,-0.0373,0.1804,0
94214214,-0.0506,0.0825,0
94214215,0,0.0388,-0.0759
94214216,0.0614,0,-0.0405
94214217,0.0117,-0.0635,0
94214218,0,0.1194,-0.0525
94214219,0,0.0781,-0.0951
94214220,0.2342,0,-0.0783
94214221,0,0.0392,-0.0321
94214222,0,0.0163,-0.0894
94214223,0.074,0,-0.0948
94214224,-0.0281,0.0322,0
94214225,0.1412,0,-0.0695
94214226,-0.1299,0.0346,0
94214227,0.0059,0,-0.2006
94214228,0,0.1112,-0.0232
94214229,-0.013,0.035,0
94214230,0.0102,0,-0.2197
94214231,0.073,-0.0531,0
94214232,-0.0539,0,0.0354
94214234,0,-0.0243,0.0059
94214235,0,0.0828,-8e-04
94214241,-0.0507,0.1778,0
94214242,0.0912,-0.0143,0
94214243,0,-0.0055,0.078
94214245,-0.0105,0.1097,0
94214246,0.0471,0,-0.1069
94214247,0,0.0077,-0.071
94214248,-0.0616,0.1305,0
94214249,-0.1431,0.1137,0
94214250,0,0.1382,-0.0125
94214258,-0.2199,0,0.1557
94214259,0.0589,0,-0.1004
94214260,-0.1161,0,0.088
94214276,-0.1311,0.0778,0
94214278,-0.1407,0.1615,0
94214279,0.1089,0,-0.0104
94214280,-0.2137,0.0321,0
94214286,-0.2735,0.0378,0
94214287,0.0118,0,-0.0189
94214288,-0.0851,0.114,0
94214289,-0.1361,0.0793,0
94214290,-0.1738,0,0.0429
94214291,-0.0732,0.0346,0
94214292,0,-0.0763,0.0205
94214293,-0.0265,0,0.051
94214294,-0.0236,0.1644,0
94214295,-0.0467,0,0.0387
94214296,-0.1467,0,0.0476
94214297,0,0.005,-0.2103
94214298,-0.1005,0,0.0513
94214299,-0.0556,0.1711,0
94214300,-0.1543,0.0041,0
94214316,0,0.0026,-0.27
94214317,-0.0106,0,0.0766
94214318,-0.1592,0.1068,0
94214319,0,-0.036,0.0163
94214320,-0.0933,0.0093,0
94214321,0.0571,0,-0.016
94214322,0,0.0406,-0.0618
94214323,0.0167,0,-0.0976
94214324,0,0.0028,-0.0779
94214325,0,0.0449,-0.1068
94214346,0.1235,-0.0091,0
94214347,0.0117,0,-0.0685
94214348,0,0.0281,-0.0384
94214349,0,-0.002,0.0282
94214350,0,0.0671,-0.036
94214351,0,0.0024,-0.019
94214352,0,-0.0486,0.1481
94214353,0,0.0255,-0.11
94214354,-0.0143,0.0478,0
94214355,0,0.1903,-0.134
94214356,0.0943,-0.0753,0
94214357,0.0806,0,-0.0172
94214358,-0.0078,0.0127,0
94214359,0.044,-0.0287,0
94214360,0,0.1081,-0.1133
94214151,-0.0407,0.0716,0
94214152,-0.0327,0.1058,0
94214153,-0.179,0,0.0444
94214154,-0.0479,9e-04,0
94214155,-0.2871,0,0.009
94214166,-0.111,0,0.0935
94214168,-0.1049,0.0482,0
94214169,-0.0822,0,0.014
94214170,-0.0086,0.0722,0
94214171,0.0472,0,-0.0785
94214172,-0.0552,0,0.1138
94214173,-0.0482,0.1186,0
94214174,0.1071,0,-0.1188
94214175,0,-0.0073,0.0639
94214176,-0.0462,0.0129,0
94214177,-0.0881,0.0272,0
94214178,0,0.0276,-0.0483
94214179,0.157,0,-0.0377
94214180,-0.115,0.0224,0
94214191,0,0.1276,-0.0016
94214192,0,0.0137,-0.2026
94214193,0.1161,0,-0.0811
94214194,0,0.111,-4e-04
94214195,0,0.0202,-0.0739
94214236,-0.0922,0.0869,0
94214237,-0.0314,0,0.0799
94214238,-0.0548,0.1139,0
94214239,0,0.0328,-0.0526
94214240,0,-0.0141,0.0319
94214251,-0.0811,0,0.0781
94214252,-0.0134,0,0.0265
94214253,0,-0.0117,0.0179
94214254,0,0.1605,-0.0221
94214255,-0.0667,0.0324,0
94214256,-0.0365,0,0.1453
94214257,0.0148,0,-0.1339
94214261,0.0119,-0.1248,0
94214262,0,-0.0181,0.0336
94214263,0,0.1887,-0.0348
94214264,-0.0514,0,0.0207
94214265,-0.0043,0,0.0431
94214266,-0.1647,0,0.0872
94214267,0.0589,0,-0.0943
94214268,0.0854,-0.066,0
94214269,0,0.0109,-0.0557
94214270,-0.2353,0,0.0397
94214271,0,0.104,-0.0399
94214272,-0.1284,0.1393,0
94214273,0,-0.0121,0.0642
94214274,0,0.0175,-0.1544
94214275,-0.1194,0,0.0862
94214281,-0.0759,0,0.1496
94214282,0.058,0,-0.0908
94214283,-0.1344,0.0807,0
94214284,-0.0764,0.078,0
94214285,-0.1399,7e-04,0
94214301,0.0285,-0.0033,0
94214302,-0.0643,0.0623,0
94214303,-0.1069,0.0029,0
94214305,-0.1113,0,0.0874
94214307,-0.1189,0,0.0688
94214308,0,0.2128,-0.0472
94214309,0,0.1598,-0.0438
94214311,0.0138,0,-0.1036
94214312,-0.1271,0,0.0778
94214313,0.1374,-0.0689,0
94214314,-0.0281,0,0.1074
94214315,0,-0.1316,0.0339
94214326,0,0.1085,-0.036
94214327,0.0852,0,-0.0221
94214328,0,0.1656,-0.1454
94214329,-0.0604,0.0426,0
94214330,6e-04,0,-0.0594
94214331,0,0.0096,-0.1407
94214332,0.0712,0,-0.07
94214333,0.0374,0,-0.145
94214334,0,-0.0545,0.0229
94214335,-0.0796,0.0444,0
94214336,0.0037,0,-0.0513
94214337,0,0.0648,-0.0107
94214338,0.0384,-0.0255,0
94214339,0.0922,-0.0331,0
94214340,-0.0132,0.0518,0
94214341,0.1019,0,-0.061
94214342,0,0.0111,-0.04
94214343,0,0.0766,-0.0757
94214344,1e-04,-0.0796,0
94214345,-0.0187,0.0579,0
94234694,-0.1109,0.3672,0
95223086,0,0.1853,-0.019
95253501,-0.3328,0.0361,0
95253502,-0.2719,0.0508,0
95253503,0,0.1453,-0.1209
95253504,-0.0663,0.1816,0
95253505,-0.3028,0,0.0176
95253506,-0.1999,0.1139,0
95253507,-0.029,0.1849,0
95253508,-0.02,0.1859,0
95253509,-0.1921,0.1842,0
95253510,-0.1906,0,0.0774
95253511,-0.3878,0,0.0187
95253512,-0.0409,0.0986,0
95253513,0,0.0714,-0.0847
95253514,-0.1401,0.136,0
95253515,-0.335,0,0.1086
95253516,-0.3215,0.0297,0
95253517,0,0.0111,-0.0976
95253518,-0.22,0.0908,0
95253519,-0.2275,0.2111,0
95253520,-0.2795,0,0.0212
95253521,-0.1378,0.0299,0
95253522,-0.3213,0,0.0078
95253523,-0.0449,0.1479,0
95253524,-0.0878,0.1228,0
95253525,-0.2043,0,0.1016
95253546,-0.0768,0,0.0908
95253547,-0.0104,0.1632,0
95253548,-0.3155,0,0.1349
95253549,-0.1075,0.1202,0
95253550,-0.3923,0.0117,0
95253551,-0.2126,0,0.0383
95253552,0,0.1077,-0.0171
95253553,-0.1623,0.0553,0
95253554,0,0.2177,-0.0196
95253555,-0.1318,0,0.2212
95253556,-0.3237,0,0.0996
95253557,0,0.2469,-0.1539
95253558,-0.2265,0.1293,0
95253559,-0.1511,0.1296,0
95253560,-0.207,0.0086,0
95253561,-0.337,0.0157,0
95253562,-0.0911,0.2283,0
95253563,-0.2175,0,0.1169
95253564,0,0.2166,-0.0308
95253565,-0.3607,0.123,0
95253566,-0.2409,0.2068,0
95253567,0,0.1204,-0.0257
95253568,-0.2583,0,0.0081
95253569,-0.0672,0.1413,0
95253570,-0.2118,0.1038,0
95253601,-0.3187,0,0.0947
95253602,-0.1135,0.067,0
95253603,-0.033,0,0.0964
95253604,-0.2504,0.0633,0
95253605,-0.1733,0,0.0077
95253606,-0.3219,0,0.0057
95253607,-0.1677,0.1089,0
95253608,-0.2687,0,0.0278
95253609,-0.2115,0.1901,0
95253610,-0.4119,0.0067,0
95253611,-0.4001,0.0675,0
95253612,0,0.0762,-0.0041
95253613,-0.3785,0.0248,0
95253614,-0.0519,0.1361,0
95253615,-0.179,0,0.1158
95253616,-0.397,0.1015,0
95253617,-0.0182,0,0.0188
95253618,-0.2515,0.0192,0
95253619,-0.1407,0.0828,0
95253620,0,0.0814,-0.0565
95253621,-0.1206,0,0.0288
95253622,-0.0134,0,0.1561
95253623,-0.3852,0.0225,0
95253624,-0.0872,0.081,0
95253625,-0.2732,0,0.0703
95253626,-0.3767,0,0.0712
95253627,-0.1607,0.1114,0
95253628,-0.1266,0.0235,0
95253629,-0.2346,0.1221,0
95253630,-0.2045,0.0815,0
95253631,-0.2369,0,0.0368
95253632,-0.1738,0,0.0318
95253633,-0.3013,0.0646,0
95253634,-0.134,0.1249,0
95253635,-0.4172,0,0.0574
95253636,-0.1272,0,0.1009
95253637,-0.061,0.042,0
95253638,-0.2605,0.0845,0
95253639,-0.115,0.1922,0
95253640,-0.3115,0.0755,0
95253641,-0.3426,0,0.1163
95253642,-0.1483,0,0.1102
95253643,-0.4484,0,0.1424
95253644,-0.2135,0.049,0
95253645,-0.2583,0,0.1978
95253646,-0.0137,0,0.0582
95253647,-0.0979,0.1252,0
95253648,-0.3057,0,0.0244
95253649,-0.1625,0.0788,0
95253650,-0.4577,0,0.0128
95253651,-0.0967,0,0.2166
95253652,-0.3492,0,0.1398
95253653,-0.0277,0.1235,0
